{
    "physics": {
      "g": 9.81,
      "c": 299792458,
      "h": 6.62607015e-34,
      "hbar": 1.054571817e-34,
      "e": 1.602176634e-19,
      "k": 8.987551787e9,
      "epsilon0": 8.854187812813e-12,
      "mu0": 1.25663706212e-6,
      "me": 9.1093837015e-31,
      "mp": 1.67262192369e-27,
      "mn": 1.67492749804e-27,
      "amu": 1.66053906660e-27,
      "earthOmega": 7.2921159e-5,
      "earthRadius": 6371000
    },
    "units": {
      "length": "m",
      "mass": "kg",
      "time": "s",
      "charge": "C",
      "energy": "J",
      "force": "N",
      "angle": "rad"
    },
    "rendering": {
      "targetFPS": 60,
      "shadowMapSize": 2048,
      "antialias": true,
      "physicallyCorrectLights": true
    },
    "simulation": {
      "defaultTimeStep": 0.016,
      "maxTimeStep": 0.1,
      "minTimeStep": 0.001,
      "maxIterations": 10
    }
  }